<?xml version="1.0" encoding="UTF-8"?>
<?xml-stylesheet href="scenario4.xsl" type="text/xsl"?>
<etudiants>
    <info-etudiant>
        <promotion>3</promotion>
        <specialite>SI</specialite>
        <nom>Liu</nom>
        <prenom>Jiaqi</prenom>
        <email>xxx@unice.fr</email>
        <age>1996</age>
    </info-etudiant>
    <info-etudiant>
        <promotion>3</promotion>
        <specialite>SI</specialite>
        <nom>WANG</nom>
        <prenom>Wei</prenom>
        <email>xxx@unice.fr</email>
        <age>1996</age>
    </info-etudiant>
    <info-etudiant>
        <promotion>3</promotion>
        <specialite>SI</specialite>
        <nom>Theo</nom>
        <prenom>Bonnet</prenom>
        <email>xxx@unice.fr</email>
        <age>1997</age>
    </info-etudiant>
    <info-etudiant>
        <promotion>3</promotion>
        <specialite>SI</specialite>
        <nom>Yoo</nom>
        <prenom>Kooijman</prenom>
        <email>xxx@unice.fr</email>
        <age>1992</age>
    </info-etudiant>
    <info-etudiant>
        <promotion>3</promotion>
        <specialite>SI</specialite>
        <nom>Louis</nom>
        <prenom>Ken</prenom>
        <email>xxx@unice.fr</email>
        <age>1997</age>
    </info-etudiant>
    <info-etudiant>
        <promotion>3</promotion>
        <specialite>SI</specialite>
        <nom>Jennie</nom>
        <prenom>Lopez</prenom>
        <email>xxx@unice.fr</email>
        <age>1995</age>
    </info-etudiant>
    <info-etudiant>
        <promotion>3</promotion>
        <specialite>GE</specialite>
        <nom>Laura</nom>
        <prenom>Francois</prenom>
        <email>xxx@unice.fr</email>
        <age>1997</age>
    </info-etudiant>
    <info-etudiant>
        <promotion>3</promotion>
        <specialite>GE</specialite>
        <nom>Hugo</nom>
        <prenom>Core</prenom>
        <email>xxx@unice.fr</email>
        <age>1996</age>
    </info-etudiant>
    <info-etudiant>
        <promotion>3</promotion>
        <specialite>GE</specialite>
        <nom>Nathan</nom>
        <prenom>Lee</prenom>
        <email>xxx@unice.fr</email>
        <age>1992</age>
    </info-etudiant>
    <info-etudiant>
        <promotion>3</promotion>
        <specialite>GE</specialite>
        <nom>Kevin</nom>
        <prenom>Choo</prenom>
        <email>xxx@unice.fr</email>
        <age>1996</age>
    </info-etudiant>
    <info-etudiant>
        <promotion>3</promotion>
        <specialite>GE</specialite>
        <nom>Jay</nom>
        <prenom>Key</prenom>
        <email>xxx@unice.fr</email>
        <age>1996</age>
    </info-etudiant>
    <info-etudiant>
        <promotion>3</promotion>
        <specialite>MAM</specialite>
        <nom>Lola</nom>
        <prenom>Lu</prenom>
        <email>xxx@unice.fr</email>
        <age>1996</age>
    </info-etudiant>
    <info-etudiant>
        <promotion>3</promotion>
        <specialite>MAM</specialite>
        <nom>Sky</nom>
        <prenom>Walk</prenom>
        <email>xxx@unice.fr</email>
        <age>1998</age>
    </info-etudiant>
    <info-etudiant>
        <promotion>4</promotion>
        <specialite>MAM</specialite>
        <nom>Tom</nom>
        <prenom>Handle</prenom>
        <email>xxx@unice.fr</email>
        <age>1996</age>
    </info-etudiant>
    <info-etudiant>
        <promotion>4</promotion>
        <specialite>GE</specialite>
        <nom>Bannie</nom>
        <prenom>Ming</prenom>
        <email>xxx@unice.fr</email>
        <age>1996</age>
    </info-etudiant>
    <info-etudiant>
        <promotion>3</promotion>
        <specialite>MAM</specialite>
        <nom>Black</nom>
        <prenom>Jee</prenom>
        <email>xxx@unice.fr</email>
        <age>1994</age>
    </info-etudiant>
    <info-etudiant>
        <promotion>3</promotion>
        <specialite>MAM</specialite>
        <nom>Jack</nom>
        <prenom>Doson</prenom>
        <email>xxx@unice.fr</email>
        <age>1997</age>
    </info-etudiant>
    <info-etudiant>
        <promotion>3</promotion>
        <specialite>MAM</specialite>
        <nom>Stefano</nom>
        <prenom>Gaban</prenom>
        <email>xxx@unice.fr</email>
        <age>1994</age>
    </info-etudiant>
    <info-etudiant>
        <promotion>4</promotion>
        <specialite>SI</specialite>
        <nom>Jimmy</nom>
        <prenom>Choo</prenom>
        <email>xxx@unice.fr</email>
        <age>1994</age>
    </info-etudiant>
    <info-etudiant>
        <promotion>4</promotion>
        <specialite>SI</specialite>
        <nom>Fendi</nom>
        <prenom>Ine</prenom>
        <email>xxx@unice.fr</email>
        <age>1996</age>
    </info-etudiant>
    <info-etudiant>
        <promotion>4</promotion>
        <specialite>SI</specialite>
        <nom>Jenny</nom>
        <prenom>Fur</prenom>
        <email>xxx@unice.fr</email>
        <age>1996</age>
    </info-etudiant>
    <info-etudiant>
        <promotion>4</promotion>
        <specialite>MAM</specialite>
        <nom>Andy</nom>
        <prenom>Jackson</prenom>
        <email>xxx@unice.fr</email>
        <age>1993</age>
    </info-etudiant>
    <info-etudiant>
        <promotion>4</promotion>
        <specialite>MAM</specialite>
        <nom>Florien</nom>
        <prenom>Diva</prenom>
        <email>xxx@unice.fr</email>
        <age>1996</age>
    </info-etudiant>
    <info-etudiant>
        <promotion>4</promotion>
        <specialite>GE</specialite>
        <nom>Harry</nom>
        <prenom>Potter</prenom>
        <email>xxx@unice.fr</email>
        <age>1994</age>
    </info-etudiant>
    <info-etudiant>
        <promotion>4</promotion>
        <specialite>GE</specialite>
        <nom>Ron</nom>
        <prenom>Wesley</prenom>
        <email>xxx@unice.fr</email>
        <age>1995</age>
    </info-etudiant>
    <info-etudiant>
        <promotion>5</promotion>
        <specialite>SI</specialite>
        <nom>Avada</nom>
        <prenom>Kelada</prenom>
        <email>xxx@unice.fr</email>
        <age>1992</age>
    </info-etudiant>
    <info-etudiant>
        <promotion>5</promotion>
        <specialite>MAM</specialite>
        <nom>Ada</nom>
        <prenom>Fleur</prenom>
        <email>xxx@unice.fr</email>
        <age>1993</age>
    </info-etudiant>
    <info-etudiant>
        <promotion>5</promotion>
        <specialite>GE</specialite>
        <nom>Julie</nom>
        <prenom>Li</prenom>
        <email>xxx@unice.fr</email>
        <age>1992</age>
    </info-etudiant>
</etudiants>
